{
    "type": "create:crushing",
    "ingredients": [
      {
        "item": "spectrum:amethyst_ore"
      }
    ],
    "processingTime": 250,
    "results": [
      {
        "count": 3,
        "item": "minecraft:amethyst_shard"
      },
      {
        "chance": 0.5,
        "item": "minecraft:amethyst_shard"
      },
      {
        "count": 2,
        "item": "spectrum:amethyst_powder"
      },
      {
        "chance": 0.6,
        "item": "spectrum:amethyst_powder"
      },
      {
        "chance": 0.75,
        "item": "create:experience_nugget"
      },
      {
        "chance": 0.125,
        "item": "minecraft:cobblestone"
      }
    ],
    "fabric:load_conditions": [
      {
        "condition": "fabric:all_mods_loaded",
        "values": [
          "create"
        ]
      }
    ]
  }