{
    "type": "create:crushing",
    "ingredients": [
      {
        "item": "spectrum:blackslag_redstone_ore"
      }
    ],
    "processingTime": 425,
    "results": [
      {
        "count": 7,
        "item": "minecraft:redstone"
      },
      {
        "chance": 0.5,
        "item": "minecraft:redstone"
      },
      {
        "chance": 0.75,
        "item": "create:experience_nugget"
      },
      {
        "chance": 0.125,
        "item": "spectrum:cobbled_blackslag"
      }
    ],
    "fabric:load_conditions": [
      {
        "condition": "fabric:all_mods_loaded",
        "values": [
          "create"
        ]
      }
    ]
  }