{
    "type": "create:crushing",
    "ingredients": [
      {
        "item": "spectrum:deepslate_malachite_ore"
      }
    ],
    "processingTime": 450,
    "results": [
      {
        "count": 3,
        "item": "spectrum:raw_malachite"
      },
      {
        "chance": 0.75,
        "item": "spectrum:raw_malachite"
      },
      {
        "chance": 0.75,
        "item": "create:experience_nugget"
      },
      {
        "chance": 0.125,
        "item": "minecraft:cobbled_deepslate"
      }
    ],
    "fabric:load_conditions": [
      {
        "condition": "fabric:all_mods_loaded",
        "values": [
          "create"
        ]
      }
    ]
  }