{
  "type": "alchemancy:forged_item",

  "properties": [
    "alchemancy:burning",
    "alchemancy:wet",
    "alchemancy:photosynthetic",
    "alchemancy:shocking",
    "alchemancy:frosted",
    "alchemancy:sharp",
    "alchemancy:poisonous",
    "alchemancy:dirty",
    "alchemancy:lightweight",
    "alchemancy:ender",
    "alchemancy:infected",
    "alchemancy:sturdy",
    "alchemancy:soulbind",
    "alchemancy:arcane",
    "alchemancy:scary",
    "alchemancy:ferrous",
    "alchemancy:flourish",
    "alchemancy:paradoxical"
  ],

  "catalyst": {
    "item": "cobblemon:premier_ball"
  },

  "result": {
    "count": 1,
    "id": "cobblemon:cherish_ball"
  }
}