{
   "enabled": true,
   "neededInstalledMods": [],
   "neededUninstalledMods": [],
   "spawns": [
       {
           "id": "kyogre-1",
           "pokemon": "kyogre",
           "presets": [
               "water"
           ],
           "type": "pokemon",
           "context": "submerged",
           "bucket": "ultra-rare",
           "level": "70",
           "weight": 3,
           "condition": {
               "isRaining": true,
               "biomes": [
                   "#cobblemon:is_ocean",
                   "#cobblemon:is_cold_ocean"
               ]
           }
           
       },
       {
        "id": "kyogre-2",
        "pokemon": "kyogre",
        "type": "pokemon",
        "context": "fishing",
        "bucket": "ultra-rare",
        "level": "70",
        "weight": 0.5,
        "condition": {
            "canSeeSky": true,
            "biomes": [
                "#cobblemon:is_ocean",
                "#cobblemon:is_cold_ocean"
            ]
        }
    }
   ]
}