{
  "enabled": true,
  "neededInstalledMods": [],
  "neededUninstalledMods": [],
  "spawns": [
    {
      "id": "glastrier-1",
      "pokemon": "glastrier",
      "presets": [
      ],
      "type": "pokemon",
      "context": "grounded",
      "bucket": "ultra-rare",
      "level": "75",
      "weight": 0.6,
      "condition": {
        "biomes": [ 
          "#cobblemon:is_cold",
          "#cobblemon:is_freezing",
          "biomesoplenty:snowy_maple_woods",
          "terralith:alpine_grove",
          "terralith:snowy_badlands"
          ],
          "timeRange": "night"
      }
    }
  ]
}