{
    "enabled": true,
    "neededInstalledMods": [],
    "neededUninstalledMods": [],
    "spawns": [
      {
        "id": "hoopa-1",
        "pokemon": "hoopa",
        "presets": [
        ],
        "type": "pokemon",
        "context": "grounded",
        "bucket": "ultra-rare",
        "level": "65-80",
        "weight": 2,
        "condition": {
          "biomes": [ 
            "#minecraft:is_end",
            "biomesoplenty:ominous_woods",
            "terralith:ancient_sands",
            "terralith:ashen_savanna",
            "terralith:desert_canyon",
            "biomesoplenty:dryland",
            "biomesoplenty:lush_desert",
            "biomesoplenty:lush_savanna"
             ]
        }
      }
    ]
  }