{
  "enabled": true,
  "neededInstalledMods": [],
  "neededUninstalledMods": [],
  "spawns": [
    {
      "id": "ironleaves-1",
      "pokemon": "ironleaves",
      "presets": [],
      "type": "pokemon",
      "context": "grounded",
      "bucket": "ultra-rare",
      "level": "70-70",
      "weight": 0.1,
      "condition": {
        "isThundering": false,
        "biomes": [
          "#cobblemon:is_deep_dark",
          "#cobblemon:is_magical",
          "minecraft:lush_cave"
        ]
      }
    }
  ]
}
