{
  "enabled": true,
  "neededInstalledMods": [],
  "neededUninstalledMods": [],
  "spawns": [
    {
      "id": "meloetta-1",
      "pokemon": "meloetta",
      "presets": [
        "natural"
      ],
      "type": "pokemon",
      "context": "grounded",
      "bucket": "ultra-rare",
      "level": "75",
      "weight": 1.0,
      "condition": {
        "biomes": [
          "#cobblemon:is_plains"
        ],
        "structures": [
                    "#minecraft:village"
                ]
      }
    }
  ]
}