{
  "enabled": true,
  "neededInstalledMods": [],
  "neededUninstalledMods": [],
  "spawns": [
    {
      "id": "xerneas-1",
      "pokemon": "xerneas",
      "presets": [],
      "type": "pokemon",
      "context": "grounded",
      "bucket": "ultra-rare",
      "level": "70-70",
      "weight": 0.1,
      "condition": {
        "isThundering": false,
        "biomes": [
          "#cobblemon:is_lush",
          "#cobblemon:is_floral",
          "minecraft:flower_forest",
          "minecraft:sunflower_plains"
        ]
      }
    }
  ]
}
